"","CustomerID","Recency","mon_value","Frequency","Recency_group","Frequency_group","mon_value_group"
"1",12347,25,711.79,1,"old","very rare","very large"
"2",12348,16,652.8,1,"very recent","very rare","very large"
"3",12370,15,1748.02,2,"very recent","rare","very large"
"4",12377,12,1001.52,1,"very recent","very rare","very large"
"5",12383,10,555.72,1,"very recent","very rare","large"
"6",12386,24,258.9,1,"old","very rare","medium"
"7",12395,15,589.92,2,"very recent","rare","very large"
"8",12417,15,261.34,1,"very recent","very rare","medium"
"9",12423,11,192.93,1,"very recent","very rare","small"
"10",12427,29,249.5,1,"oldest","very rare","medium"
"11",12429,23,1137.5,1,"old","very rare","very large"
"12",12431,15,773.95,2,"very recent","rare","very large"
"13",12433,24,3787.12,2,"old","rare","very large"
"14",12441,24,155.55,1,"old","very rare","small"
"15",12471,15,3298.36,3,"very recent","rare","very large"
"16",12472,27,1523.3,1,"oldest","very rare","very large"
"17",12476,19,12.45,1,"recent","very rare","small"
"18",12481,12,665.34,2,"very recent","rare","very large"
"19",12494,16,44.55,2,"very recent","rare","small"
"20",12515,11,278.7,1,"very recent","very rare","medium"
"21",12540,19,741.01,1,"recent","very rare","very large"
"22",12551,15,168,1,"very recent","very rare","small"
"23",12557,29,620,1,"oldest","very rare","very large"
"24",12567,25,1726.38,2,"old","rare","very large"
"25",12577,17,195.89,1,"recent","very rare","small"
"26",12583,31,801.86,1,"oldest","very rare","very large"
"27",12585,9,1154.85,1,"very recent","very rare","very large"
"28",12600,15,238.8,2,"very recent","rare","medium"
"29",12621,15,1239.65,2,"very recent","rare","very large"
"30",12647,15,995.6,4,"very recent","frequent","very large"
"31",12662,31,243.48,1,"oldest","very rare","medium"
"32",12668,13,397.87,1,"very recent","very rare","large"
"33",12678,11,53.28,1,"very recent","very rare","small"
"34",12681,12,1956.11,2,"very recent","rare","very large"
"35",12682,23,949.29,2,"old","rare","very large"
"36",12683,23,955.08,2,"old","rare","very large"
"37",12686,29,71.14,1,"oldest","very rare","small"
"38",12691,15,162,1,"very recent","very rare","small"
"39",12705,15,696,1,"very recent","very rare","very large"
"40",12708,26,178.44,1,"old","very rare","small"
"41",12709,15,1189.69,2,"very recent","rare","very large"
"42",12712,23,416.63,2,"old","rare","large"
"43",12720,15,531.13,2,"very recent","rare","large"
"44",12721,12,268.6,1,"very recent","very rare","medium"
"45",12725,29,371.8,1,"oldest","very rare","large"
"46",12726,15,152.28,1,"very recent","very rare","small"
"47",12731,22,927.9,1,"recent","very rare","very large"
"48",12734,10,110.4,1,"very recent","very rare","small"
"49",12738,30,137.35,1,"oldest","very rare","small"
"50",12747,19,706.27,2,"recent","rare","very large"
"51",12748,9,4185.9,35,"very recent","very frequent","very large"
"52",12753,20,3590.59,1,"recent","very rare","very large"
"53",12755,23,3794.4,1,"old","very rare","very large"
"54",12763,27,320.08,1,"oldest","very rare","medium"
"55",12766,24,981.29,1,"old","very rare","very large"
"56",12779,29,248.16,1,"oldest","very rare","medium"
"57",12782,15,379.5,1,"very recent","very rare","large"
"58",12785,22,255.95,1,"recent","very rare","medium"
"59",12791,31,177.6,1,"oldest","very rare","small"
"60",12793,29,103.8,1,"oldest","very rare","small"
"61",12797,23,226.03,1,"old","very rare","medium"
"62",12808,26,101.4,1,"old","very rare","small"
"63",12826,23,155,1,"old","very rare","small"
"64",12829,18,85.75,1,"recent","very rare","small"
"65",12838,31,390.79,1,"oldest","very rare","large"
"66",12839,15,737.45,2,"very recent","rare","very large"
"67",12841,27,505.99,2,"oldest","rare","large"
"68",12855,30,38.1,1,"oldest","very rare","small"
"69",12867,18,362.79,1,"recent","very rare","large"
"70",12868,31,203.3,1,"oldest","very rare","medium"
"71",12872,23,378.53,1,"old","very rare","large"
"72",12875,20,293.76,1,"recent","very rare","medium"
"73",12877,16,150.06,1,"very recent","very rare","small"
"74",12913,26,417.62,1,"old","very rare","large"
"75",12915,30,199.65,1,"oldest","very rare","medium"
"76",12921,24,687.8,2,"old","rare","very large"
"77",12928,17,392.34,1,"recent","very rare","large"
"78",12931,15,177,2,"very recent","rare","small"
"79",12942,23,258.75,1,"old","very rare","medium"
"80",12944,12,286.95,1,"very recent","very rare","medium"
"81",12947,31,304.04,1,"oldest","very rare","medium"
"82",12963,23,365.8,1,"old","very rare","large"
"83",12967,16,1660.9,2,"very recent","rare","very large"
"84",12971,11,436.19,5,"very recent","frequent","large"
"85",12980,16,889.32,1,"very recent","very rare","very large"
"86",12989,22,202.5,1,"recent","very rare","medium"
"87",13000,22,201.75,1,"recent","very rare","medium"
"88",13004,15,357.01,1,"very recent","very rare","large"
"89",13011,30,50.55,1,"oldest","very rare","small"
"90",13013,29,1528.34,2,"oldest","rare","very large"
"91",13021,16,157.35,1,"very recent","very rare","small"
"92",13027,12,1440,1,"very recent","very rare","very large"
"93",13029,11,382.5,1,"very recent","very rare","large"
"94",13030,26,427.74,1,"old","very rare","large"
"95",13033,15,190.55,1,"very recent","very rare","small"
"96",13034,27,165.86,1,"oldest","very rare","small"
"97",13047,31,366.63,3,"oldest","rare","large"
"98",13050,12,1199.87,4,"very recent","frequent","very large"
"99",13065,31,205.86,1,"oldest","very rare","medium"
"100",13069,19,644.12,4,"recent","frequent","very large"
"101",13077,24,313.72,1,"old","very rare","medium"
"102",13078,17,881.16,2,"recent","rare","very large"
"103",13081,29,2366.78,2,"oldest","rare","very large"
"104",13089,16,5953.21,8,"very recent","frequent","very large"
"105",13090,23,993.4,2,"old","rare","very large"
"106",13092,17,185.45,1,"recent","very rare","small"
"107",13093,16,3795.51,3,"very recent","rare","very large"
"108",13094,26,223.68,1,"old","very rare","medium"
"109",13097,18,304.9,1,"recent","very rare","medium"
"110",13102,18,673.92,2,"recent","rare","very large"
"111",13104,12,101.76,1,"very recent","very rare","small"
"112",13108,30,350.06,1,"oldest","very rare","large"
"113",13113,24,372.97,1,"old","very rare","large"
"114",13117,23,388.15,2,"old","rare","large"
"115",13124,17,1256.32,1,"recent","very rare","very large"
"116",13126,24,223.44,2,"old","rare","medium"
"117",13138,30,193.23,1,"oldest","very rare","small"
"118",13140,24,159.51,1,"old","very rare","small"
"119",13145,30,295,1,"oldest","very rare","medium"
"120",13148,22,309.4,1,"recent","very rare","medium"
"121",13155,26,379.7,1,"old","very rare","large"
"122",13165,9,354.64,1,"very recent","very rare","large"
"123",13173,25,165.94,1,"old","very rare","small"
"124",13174,27,1415.97,1,"oldest","very rare","very large"
"125",13178,18,710,1,"recent","very rare","very large"
"126",13198,19,384.55,1,"recent","very rare","large"
"127",13199,16,711.8,2,"very recent","rare","very large"
"128",13209,19,318.85,1,"recent","very rare","medium"
"129",13211,19,110.7,1,"recent","very rare","small"
"130",13221,17,498.16,1,"recent","very rare","large"
"131",13225,19,1206.72,1,"recent","very rare","very large"
"132",13230,23,93.45,1,"old","very rare","small"
"133",13238,18,91.15,1,"recent","very rare","small"
"134",13240,23,224.07,1,"old","very rare","medium"
"135",13255,31,225.7,1,"oldest","very rare","medium"
"136",13267,18,622.3,2,"recent","rare","very large"
"137",13269,19,662.17,2,"recent","rare","very large"
"138",13270,24,590,1,"old","very rare","very large"
"139",13295,17,201.2,1,"recent","very rare","medium"
"140",13304,9,300.42,1,"very recent","very rare","medium"
"141",13305,30,136.2,1,"oldest","very rare","small"
"142",13317,16,238.05,2,"very recent","rare","medium"
"143",13319,12,1551.08,4,"very recent","frequent","very large"
"144",13324,18,650.1,1,"recent","very rare","very large"
"145",13327,23,745,2,"old","rare","very large"
"146",13329,24,304.2,1,"old","very rare","medium"
"147",13369,23,258.28,1,"old","very rare","medium"
"148",13370,29,754.87,1,"oldest","very rare","very large"
"149",13402,30,308.28,1,"oldest","very rare","medium"
"150",13408,16,3031.2,5,"very recent","frequent","very large"
"151",13418,17,1579.62,5,"recent","frequent","very large"
"152",13426,17,336.98,1,"recent","very rare","large"
"153",13448,22,829.54,3,"recent","rare","very large"
"154",13455,24,692.94,1,"old","very rare","very large"
"155",13458,17,1185.86,1,"recent","very rare","very large"
"156",13468,16,911,4,"very recent","frequent","very large"
"157",13487,11,193.15,1,"very recent","very rare","small"
"158",13488,25,1381.92,1,"old","very rare","very large"
"159",13491,17,196.4,2,"recent","rare","small"
"160",13495,17,865.43,2,"recent","rare","very large"
"161",13496,17,501.01,1,"recent","very rare","large"
"162",13497,26,153.5,1,"old","very rare","small"
"163",13506,27,301.12,1,"oldest","very rare","medium"
"164",13520,29,223.4,1,"oldest","very rare","medium"
"165",13523,24,566.95,1,"old","very rare","large"
"166",13531,24,305.45,1,"old","very rare","medium"
"167",13534,16,283.2,2,"very recent","rare","medium"
"168",13564,12,1198.38,2,"very recent","rare","very large"
"169",13569,25,118.32,1,"old","very rare","small"
"170",13576,31,349.15,1,"oldest","very rare","large"
"171",13579,27,164.7,1,"oldest","very rare","small"
"172",13599,24,352.84,2,"old","rare","large"
"173",13611,17,303.15,1,"recent","very rare","medium"
"174",13627,15,311.19,1,"very recent","very rare","medium"
"175",13649,24,197.8,1,"old","very rare","medium"
"176",13652,26,308.8,1,"old","very rare","medium"
"177",13668,20,177.66,1,"recent","very rare","small"
"178",13694,16,2897.04,2,"very recent","rare","very large"
"179",13705,31,318.14,1,"oldest","very rare","medium"
"180",13715,20,496.63,3,"recent","rare","large"
"181",13747,31,79.6,1,"oldest","very rare","small"
"182",13748,31,204,1,"oldest","very rare","medium"
"183",13756,16,1004.4,3,"very recent","rare","very large"
"184",13758,24,718.85,2,"old","rare","very large"
"185",13767,16,2439.36,6,"very recent","frequent","very large"
"186",13769,25,322.3,1,"old","very rare","medium"
"187",13777,9,6961.78,10,"very recent","frequent","very large"
"188",13786,25,230.4,1,"old","very rare","medium"
"189",13787,22,106.4,1,"recent","very rare","small"
"190",13798,22,4170.66,2,"recent","rare","very large"
"191",13807,25,112.6,1,"old","very rare","small"
"192",13817,9,110.7,1,"very recent","very rare","small"
"193",13831,27,408,1,"oldest","very rare","large"
"194",13838,27,238.11,1,"oldest","very rare","medium"
"195",13842,24,310.57,1,"old","very rare","medium"
"196",13846,18,411.4,1,"recent","very rare","large"
"197",13848,24,320,1,"old","very rare","medium"
"198",13854,15,609.44,2,"very recent","rare","very large"
"199",13869,15,323.62,1,"very recent","very rare","large"
"200",13874,16,540.45,1,"very recent","very rare","large"
"201",13880,25,97.8,1,"old","very rare","small"
"202",13890,16,190.35,1,"very recent","very rare","small"
"203",13922,9,172.25,1,"very recent","very rare","small"
"204",13941,30,1095.12,1,"oldest","very rare","very large"
"205",13948,18,102,1,"recent","very rare","small"
"206",13953,10,500,1,"very recent","very rare","large"
"207",13959,20,214.74,1,"recent","very rare","medium"
"208",13963,25,151.3,1,"old","very rare","small"
"209",13969,23,317.59,1,"old","very rare","medium"
"210",13982,23,428.6,1,"old","very rare","large"
"211",13983,24,329.36,1,"old","very rare","large"
"212",13984,24,154.8,1,"old","very rare","small"
"213",13999,19,302.1,1,"recent","very rare","medium"
"214",14001,31,301.24,1,"oldest","very rare","medium"
"215",14016,15,703.74,1,"very recent","very rare","very large"
"216",14030,24,676.5,2,"old","rare","very large"
"217",14031,15,2568.95,3,"very recent","rare","very large"
"218",14032,13,619.42,2,"very recent","rare","very large"
"219",14037,22,111.8,1,"recent","very rare","small"
"220",14045,31,326.4,1,"oldest","very rare","large"
"221",14047,30,286.92,1,"oldest","very rare","medium"
"222",14051,12,1828.16,3,"very recent","rare","very large"
"223",14057,18,925.92,2,"recent","rare","very large"
"224",14060,17,874.04,3,"recent","rare","very large"
"225",14062,12,1444.12,3,"very recent","rare","very large"
"226",14078,31,136.24,1,"oldest","very rare","small"
"227",14081,27,423.52,1,"oldest","very rare","large"
"228",14082,22,182.25,1,"recent","very rare","small"
"229",14083,12,459.89,3,"very recent","rare","large"
"230",14085,9,1190.24,3,"very recent","rare","very large"
"231",14092,10,601.73,2,"very recent","rare","very large"
"232",14099,12,383.52,1,"very recent","very rare","large"
"233",14107,22,363.24,1,"recent","very rare","large"
"234",14113,12,433.5,1,"very recent","very rare","large"
"235",14135,11,947.05,4,"very recent","frequent","very large"
"236",14142,31,311.81,1,"oldest","very rare","medium"
"237",14146,15,1241.43,1,"very recent","very rare","very large"
"238",14150,17,306.18,1,"recent","very rare","medium"
"239",14156,29,322.2,1,"oldest","very rare","medium"
"240",14159,20,193.22,1,"recent","very rare","small"
"241",14161,27,283.15,1,"oldest","very rare","medium"
"242",14176,25,159.55,1,"old","very rare","small"
"243",14180,16,896.25,4,"very recent","frequent","very large"
"244",14189,26,311.24,1,"old","very rare","medium"
"245",14201,17,67.24,1,"recent","very rare","small"
"246",14210,29,304.95,1,"oldest","very rare","medium"
"247",14215,26,166,1,"old","very rare","small"
"248",14217,24,118.3,1,"old","very rare","small"
"249",14220,16,312.98,1,"very recent","very rare","medium"
"250",14236,30,189.3,1,"oldest","very rare","small"
"251",14237,31,161,1,"oldest","very rare","small"
"252",14243,15,472,2,"very recent","rare","large"
"253",14256,22,523.86,1,"recent","very rare","large"
"254",14282,25,571,1,"old","very rare","large"
"255",14290,19,777.56,1,"recent","very rare","very large"
"256",14293,26,364.92,1,"old","very rare","large"
"257",14298,12,4689.46,5,"very recent","frequent","very large"
"258",14299,23,429.24,1,"old","very rare","large"
"259",14307,31,783.11,1,"oldest","very rare","very large"
"260",14309,16,147.75,1,"very recent","very rare","small"
"261",14334,16,320.15,1,"very recent","very rare","medium"
"262",14344,16,355.65,3,"very recent","rare","large"
"263",14355,23,174.4,1,"old","very rare","small"
"264",14373,16,76.55,1,"very recent","very rare","small"
"265",14388,30,312.8,1,"oldest","very rare","medium"
"266",14390,30,223.7,1,"oldest","very rare","medium"
"267",14395,30,308.68,1,"oldest","very rare","medium"
"268",14396,29,110.35,1,"oldest","very rare","small"
"269",14401,17,247.38,1,"recent","very rare","medium"
"270",14404,27,133.48,1,"oldest","very rare","small"
"271",14409,26,328.8,2,"old","rare","large"
"272",14413,20,122.7,1,"recent","very rare","small"
"273",14414,16,217.2,1,"very recent","very rare","medium"
"274",14415,18,875.18,1,"recent","very rare","very large"
"275",14419,22,124.1,1,"recent","very rare","small"
"276",14437,23,63,1,"old","very rare","small"
"277",14440,23,656.7,1,"old","very rare","very large"
"278",14443,26,303.5,1,"old","very rare","medium"
"279",14448,22,102.35,1,"recent","very rare","small"
"280",14449,30,210.24,1,"oldest","very rare","medium"
"281",14466,30,379.75,1,"oldest","very rare","large"
"282",14472,13,279.88,1,"very recent","very rare","medium"
"283",14479,23,174.4,1,"old","very rare","small"
"284",14487,26,125.1,1,"old","very rare","small"
"285",14491,30,127.2,1,"oldest","very rare","small"
"286",14496,31,304.34,1,"oldest","very rare","medium"
"287",14498,19,166.22,1,"recent","very rare","small"
"288",14505,20,1050.35,1,"recent","very rare","very large"
"289",14506,27,269.7,1,"oldest","very rare","medium"
"290",14524,18,275.45,1,"recent","very rare","medium"
"291",14525,19,462.3,1,"recent","very rare","large"
"292",14527,12,925.49,4,"very recent","frequent","very large"
"293",14532,10,222.6,1,"very recent","very rare","medium"
"294",14533,10,433.5,1,"very recent","very rare","large"
"295",14543,22,254.4,1,"recent","very rare","medium"
"296",14544,19,1121.92,1,"recent","very rare","very large"
"297",14560,15,408.17,1,"very recent","very rare","large"
"298",14565,19,1167.41,1,"recent","very rare","very large"
"299",14573,30,413.1,1,"oldest","very rare","large"
"300",14576,30,35.4,1,"oldest","very rare","small"
"301",14577,20,346.9,1,"recent","very rare","large"
"302",14589,29,39.75,1,"oldest","very rare","small"
"303",14594,31,255,1,"oldest","very rare","medium"
"304",14606,10,1246.66,8,"very recent","frequent","very large"
"305",14608,20,204,1,"recent","very rare","medium"
"306",14621,16,305.7,1,"very recent","very rare","medium"
"307",14625,19,585.53,1,"recent","very rare","very large"
"308",14639,19,676.54,1,"recent","very rare","very large"
"309",14643,16,357.94,1,"very recent","very rare","large"
"310",14646,11,8576.88,2,"very recent","rare","very large"
"311",14667,18,1998.1,5,"recent","frequent","very large"
"312",14673,25,373.49,1,"old","very rare","large"
"313",14680,18,2875.4,2,"recent","rare","very large"
"314",14684,20,168.36,1,"recent","very rare","small"
"315",14688,31,444.98,1,"oldest","very rare","large"
"316",14696,31,294.62,1,"oldest","very rare","medium"
"317",14702,23,318.7,1,"old","very rare","medium"
"318",14708,26,419.06,1,"old","very rare","large"
"319",14709,16,314.1,1,"very recent","very rare","medium"
"320",14713,16,425.85,2,"very recent","rare","large"
"321",14723,16,469.3,3,"very recent","rare","large"
"322",14729,31,313.49,1,"oldest","very rare","medium"
"323",14733,12,4357.22,3,"very recent","rare","very large"
"324",14735,16,252.2,1,"very recent","very rare","medium"
"325",14737,11,434,1,"very recent","very rare","large"
"326",14739,25,713.88,1,"old","very rare","very large"
"327",14741,19,495.3,2,"recent","rare","large"
"328",14744,24,225,1,"old","very rare","medium"
"329",14748,26,470.42,2,"old","rare","large"
"330",14766,24,180.4,1,"old","very rare","small"
"331",14769,15,347.01,1,"very recent","very rare","large"
"332",14775,30,406.56,1,"oldest","very rare","large"
"333",14796,19,1028.82,2,"recent","rare","very large"
"334",14800,20,1219.85,2,"recent","rare","very large"
"335",14810,27,180.44,1,"oldest","very rare","small"
"336",14813,27,155.43,2,"oldest","rare","small"
"337",14821,24,48.8,1,"old","very rare","small"
"338",14825,16,396.43,2,"very recent","rare","large"
"339",14829,18,385.33,2,"recent","rare","large"
"340",14841,16,395.16,1,"very recent","very rare","large"
"341",14849,16,566.89,5,"very recent","frequent","large"
"342",14865,30,37.2,1,"oldest","very rare","small"
"343",14866,24,103.68,1,"old","very rare","small"
"344",14871,18,140.4,1,"recent","very rare","small"
"345",14878,16,322.01,1,"very recent","very rare","medium"
"346",14896,23,257.22,1,"old","very rare","medium"
"347",14898,29,98.5,1,"oldest","very rare","small"
"348",14901,18,497.05,3,"recent","rare","large"
"349",14907,18,960.69,3,"recent","rare","very large"
"350",14911,9,7487.94,13,"very recent","very frequent","very large"
"351",14913,17,300.87,1,"recent","very rare","medium"
"352",14932,23,313.53,1,"old","very rare","medium"
"353",14952,22,686.16,1,"recent","very rare","very large"
"354",14961,18,1182.7,2,"recent","rare","very large"
"355",14985,16,124.51,1,"very recent","very rare","small"
"356",14987,23,163.2,1,"old","very rare","small"
"357",15002,25,631.65,1,"old","very rare","very large"
"358",15005,17,470.41,2,"recent","rare","large"
"359",15012,31,191.06,1,"oldest","very rare","small"
"360",15018,25,111.25,1,"old","very rare","small"
"361",15021,24,205.64,1,"old","very rare","medium"
"362",15023,27,460.6,1,"oldest","very rare","large"
"363",15024,25,491.22,2,"old","rare","large"
"364",15028,26,185.97,1,"old","very rare","small"
"365",15032,24,2770.6,2,"old","rare","very large"
"366",15034,11,842.9,1,"very recent","very rare","very large"
"367",15038,27,126.43,1,"oldest","very rare","small"
"368",15039,18,1317.76,2,"recent","rare","very large"
"369",15044,10,2139.15,4,"very recent","frequent","very large"
"370",15048,26,98.7,1,"old","very rare","small"
"371",15061,17,19950.66,12,"recent","very frequent","very large"
"372",15062,17,209.08,1,"recent","very rare","medium"
"373",15070,30,106.2,1,"oldest","very rare","small"
"374",15078,12,818.65,4,"very recent","frequent","very large"
"375",15079,23,141.95,1,"old","very rare","small"
"376",15081,25,111.15,1,"old","very rare","small"
"377",15093,30,623.73,1,"oldest","very rare","very large"
"378",15100,24,700.8,2,"old","rare","very large"
"379",15101,17,102.28,1,"recent","very rare","small"
"380",15107,18,177.05,2,"recent","rare","small"
"381",15111,30,288.5,1,"oldest","very rare","medium"
"382",15157,16,1085.46,1,"very recent","very rare","very large"
"383",15159,19,1860.98,2,"recent","rare","very large"
"384",15160,15,158.16,1,"very recent","very rare","small"
"385",15165,31,487.75,1,"oldest","very rare","large"
"386",15180,25,87.5,1,"old","very rare","small"
"387",15192,23,315,1,"old","very rare","medium"
"388",15194,16,1558.99,3,"very recent","rare","very large"
"389",15197,16,556.5,1,"very recent","very rare","large"
"390",15204,15,316.58,1,"very recent","very rare","medium"
"391",15208,11,65.4,1,"very recent","very rare","small"
"392",15211,23,383.07,1,"old","very rare","large"
"393",15221,24,403.25,1,"old","very rare","large"
"394",15224,16,322.08,2,"very recent","rare","medium"
"395",15235,9,694.64,3,"very recent","rare","very large"
"396",15246,16,186,1,"very recent","very rare","small"
"397",15260,30,420.5,2,"oldest","rare","large"
"398",15271,23,111.75,1,"old","very rare","small"
"399",15279,12,290.51,1,"very recent","very rare","medium"
"400",15288,23,165.65,1,"old","very rare","small"
"401",15290,17,219.6,1,"recent","very rare","medium"
"402",15291,15,648.9,2,"very recent","rare","very large"
"403",15298,24,397.6,1,"old","very rare","large"
"404",15299,30,1835.01,3,"oldest","rare","very large"
"405",15301,26,673.37,1,"old","very rare","very large"
"406",15304,26,123.15,1,"old","very rare","small"
"407",15311,9,2676.66,9,"very recent","frequent","very large"
"408",15312,12,289.74,1,"very recent","very rare","medium"
"409",15332,24,1661.06,4,"old","frequent","very large"
"410",15347,24,201.6,1,"old","very rare","medium"
"411",15350,31,115.65,1,"oldest","very rare","small"
"412",15351,27,274.67,1,"oldest","very rare","medium"
"413",15353,25,311.65,1,"old","very rare","medium"
"414",15356,18,365.54,2,"recent","rare","large"
"415",15358,23,624.55,2,"old","rare","very large"
"416",15361,19,418.92,1,"recent","very rare","large"
"417",15363,30,326,1,"oldest","very rare","large"
"418",15366,16,105.54,1,"very recent","very rare","small"
"419",15373,17,537.1,2,"recent","rare","large"
"420",15379,16,1491.46,1,"very recent","very rare","very large"
"421",15380,23,230.1,1,"old","very rare","medium"
"422",15384,17,303.57,1,"recent","very rare","medium"
"423",15392,18,338.98,1,"recent","very rare","large"
"424",15394,16,587.66,1,"very recent","very rare","very large"
"425",15426,27,411.42,1,"oldest","very rare","large"
"426",15454,20,179.1,1,"recent","very rare","small"
"427",15456,17,243.22,1,"recent","very rare","medium"
"428",15460,12,216.76,1,"very recent","very rare","medium"
"429",15465,17,867.85,2,"recent","rare","very large"
"430",15482,16,723.64,2,"very recent","rare","very large"
"431",15485,31,950.09,1,"oldest","very rare","very large"
"432",15498,24,976.72,2,"old","rare","very large"
"433",15502,26,929.4,3,"old","rare","very large"
"434",15503,20,147.09,1,"recent","very rare","small"
"435",15512,17,101.2,1,"recent","very rare","small"
"436",15513,23,1313.5,2,"old","rare","very large"
"437",15514,18,1884.71,4,"recent","frequent","very large"
"438",15525,31,313.93,1,"oldest","very rare","medium"
"439",15527,12,221.4,1,"very recent","very rare","medium"
"440",15529,22,321.46,2,"recent","rare","medium"
"441",15532,16,356.35,1,"very recent","very rare","large"
"442",15544,30,354.54,1,"oldest","very rare","large"
"443",15545,29,135.33,1,"oldest","very rare","small"
"444",15547,20,767.37,1,"recent","very rare","very large"
"445",15555,19,988.57,3,"recent","rare","very large"
"446",15562,9,134.55,1,"very recent","very rare","small"
"447",15563,16,270.19,1,"very recent","very rare","medium"
"448",15570,15,1064.64,3,"very recent","rare","very large"
"449",15574,16,590.15,3,"very recent","rare","very large"
"450",15581,11,325.96,4,"very recent","frequent","large"
"451",15587,9,344.88,1,"very recent","very rare","large"
"452",15596,23,402.32,1,"old","very rare","large"
"453",15601,16,1236.45,2,"very recent","rare","very large"
"454",15602,18,152.55,2,"recent","rare","small"
"455",15605,31,194.85,1,"oldest","very rare","small"
"456",15615,17,1081.19,3,"recent","rare","very large"
"457",15620,16,424.49,1,"very recent","very rare","large"
"458",15628,24,319.18,1,"old","very rare","medium"
"459",15640,13,2766.69,3,"very recent","rare","very large"
"460",15641,17,308.37,1,"recent","very rare","medium"
"461",15646,30,189.8,1,"oldest","very rare","small"
"462",15649,25,510,1,"old","very rare","large"
"463",15658,30,306.2,1,"oldest","very rare","medium"
"464",15660,23,209.3,1,"old","very rare","medium"
"465",15680,24,478.89,1,"old","very rare","large"
"466",15689,19,103.5,1,"recent","very rare","small"
"467",15694,23,832.33,2,"old","rare","very large"
"468",15708,27,350.68,1,"oldest","very rare","large"
"469",15713,24,171.15,1,"old","very rare","small"
"470",15716,27,547.1,1,"oldest","very rare","large"
"471",15723,22,203.1,1,"recent","very rare","medium"
"472",15727,17,1536.85,1,"recent","very rare","very large"
"473",15732,30,138.1,1,"oldest","very rare","small"
"474",15738,30,329.65,1,"oldest","very rare","large"
"475",15750,24,340.52,2,"old","rare","large"
"476",15752,30,259.65,1,"oldest","very rare","medium"
"477",15759,16,97.24,1,"very recent","very rare","small"
"478",15769,29,91.8,1,"oldest","very rare","small"
"479",15777,19,365.55,1,"recent","very rare","large"
"480",15780,15,177.15,1,"very recent","very rare","small"
"481",15789,16,351.3,1,"very recent","very rare","large"
"482",15805,22,370.8,1,"recent","very rare","large"
"483",15808,19,2249.85,2,"recent","rare","very large"
"484",15811,15,438.8,2,"very recent","rare","large"
"485",15822,17,440.2,1,"recent","very rare","large"
"486",15827,30,190.93,2,"oldest","rare","small"
"487",15838,25,957.5,1,"old","very rare","very large"
"488",15854,19,230.1,1,"recent","very rare","medium"
"489",15856,9,3281.31,3,"very recent","rare","very large"
"490",15858,25,383.93,1,"old","very rare","large"
"491",15860,26,102.66,1,"old","very rare","small"
"492",15862,31,354.23,1,"oldest","very rare","large"
"493",15867,12,557.22,3,"very recent","rare","large"
"494",15880,27,343.28,1,"oldest","very rare","large"
"495",15881,19,155.25,2,"recent","rare","small"
"496",15882,26,369.04,2,"old","rare","large"
"497",15889,27,294.52,1,"oldest","very rare","medium"
"498",15894,27,156.09,1,"oldest","very rare","small"
"499",15898,25,521.69,2,"old","rare","large"
"500",15899,26,56.25,1,"old","very rare","small"
"501",15916,24,232.45,2,"old","rare","medium"
"502",15919,26,270.72,1,"old","very rare","medium"
"503",15922,31,369.5,1,"oldest","very rare","large"
"504",15923,30,127.08,1,"oldest","very rare","small"
"505",15945,23,181,1,"old","very rare","small"
"506",15950,17,428.82,1,"recent","very rare","large"
"507",15953,27,209.84,1,"oldest","very rare","medium"
"508",15955,30,572.38,1,"oldest","very rare","large"
"509",15965,25,156.19,1,"old","very rare","small"
"510",15973,24,307.82,1,"old","very rare","medium"
"511",15983,18,1148.27,3,"recent","rare","very large"
"512",15984,26,122.7,1,"old","very rare","small"
"513",15987,26,113.48,1,"old","very rare","small"
"514",15996,24,263.25,1,"old","very rare","medium"
"515",15998,20,863.39,1,"recent","very rare","very large"
"516",16003,17,1181,1,"recent","very rare","very large"
"517",16010,20,110.1,1,"recent","very rare","small"
"518",16011,20,406.1,2,"recent","rare","large"
"519",16013,15,2973,5,"very recent","frequent","very large"
"520",16016,24,382.27,1,"old","very rare","large"
"521",16019,22,219.1,1,"recent","very rare","medium"
"522",16029,11,13112.52,6,"very recent","frequent","very large"
"523",16033,18,309.69,2,"recent","rare","medium"
"524",16037,16,300.46,1,"very recent","very rare","medium"
"525",16048,31,256.44,2,"oldest","rare","medium"
"526",16059,25,118.25,1,"old","very rare","small"
"527",16062,22,247.56,1,"recent","very rare","medium"
"528",16065,23,372.09,1,"old","very rare","large"
"529",16081,24,157.6,1,"old","very rare","small"
"530",16083,18,337.98,1,"recent","very rare","large"
"531",16086,25,177.26,1,"old","very rare","small"
"532",16098,31,430.6,1,"oldest","very rare","large"
"533",16122,24,105.72,1,"old","very rare","small"
"534",16125,25,289.35,1,"old","very rare","medium"
"535",16134,17,283.53,1,"recent","very rare","medium"
"536",16140,29,124.14,1,"oldest","very rare","small"
"537",16143,12,811.35,2,"very recent","rare","very large"
"538",16145,17,302.78,1,"recent","very rare","medium"
"539",16150,30,393.42,1,"oldest","very rare","large"
"540",16153,12,215.01,1,"very recent","very rare","medium"
"541",16161,17,576.3,3,"recent","rare","large"
"542",16163,23,441.6,1,"old","very rare","large"
"543",16168,27,275.8,1,"oldest","very rare","medium"
"544",16186,30,307.68,1,"oldest","very rare","medium"
"545",16191,18,627.6,2,"recent","rare","very large"
"546",16202,18,365.27,1,"recent","very rare","large"
"547",16203,30,170.7,1,"oldest","very rare","small"
"548",16210,16,7000.64,4,"very recent","frequent","very large"
"549",16218,31,471.3,1,"oldest","very rare","large"
"550",16221,25,166.74,1,"old","very rare","small"
"551",16233,24,147.4,1,"old","very rare","small"
"552",16241,27,277.65,1,"oldest","very rare","medium"
"553",16244,30,1056.63,1,"oldest","very rare","very large"
"554",16250,31,226.14,1,"oldest","very rare","medium"
"555",16255,23,374.25,1,"old","very rare","large"
"556",16265,22,840.81,2,"recent","rare","very large"
"557",16270,11,1141.24,1,"very recent","very rare","very large"
"558",16271,16,133.22,1,"very recent","very rare","small"
"559",16274,31,337.75,1,"oldest","very rare","large"
"560",16293,25,378.75,1,"old","very rare","large"
"561",16306,25,68.1,1,"old","very rare","small"
"562",16316,16,308.22,1,"very recent","very rare","medium"
"563",16327,27,505,1,"oldest","very rare","large"
"564",16353,12,510,4,"very recent","frequent","large"
"565",16365,17,368.46,2,"recent","rare","large"
"566",16367,20,170.91,1,"recent","very rare","small"
"567",16385,24,148.23,1,"old","very rare","small"
"568",16393,20,291.55,2,"recent","rare","medium"
"569",16402,27,211.8,1,"oldest","very rare","medium"
"570",16411,27,131.5,1,"oldest","very rare","small"
"571",16422,12,2025.32,3,"very recent","rare","very large"
"572",16442,18,151.66,1,"recent","very rare","small"
"573",16455,19,531.98,3,"recent","rare","large"
"574",16456,31,787.4,1,"oldest","very rare","very large"
"575",16458,18,193.9,1,"recent","very rare","small"
"576",16470,16,216.34,1,"very recent","very rare","medium"
"577",16477,10,544.4,2,"very recent","rare","large"
"578",16499,18,365.45,2,"recent","rare","large"
"579",16503,18,488.09,1,"recent","very rare","large"
"580",16510,30,248.1,1,"oldest","very rare","medium"
"581",16519,23,103.7,1,"old","very rare","small"
"582",16520,23,325.76,1,"old","very rare","large"
"583",16525,16,802.44,2,"very recent","rare","very large"
"584",16531,18,92.82,1,"recent","very rare","small"
"585",16539,16,747.25,2,"very recent","rare","very large"
"586",16546,30,299.4,1,"oldest","very rare","medium"
"587",16550,26,554.66,1,"old","very rare","large"
"588",16552,31,95.29,1,"oldest","very rare","small"
"589",16553,18,1609.44,2,"recent","rare","very large"
"590",16556,18,310.85,1,"recent","very rare","medium"
"591",16558,15,880.55,2,"very recent","rare","very large"
"592",16560,16,332.18,1,"very recent","very rare","large"
"593",16565,22,173.7,1,"recent","very rare","small"
"594",16583,31,233.45,1,"oldest","very rare","medium"
"595",16596,24,120.65,1,"old","very rare","small"
"596",16607,15,654.82,2,"very recent","rare","very large"
"597",16634,30,164.8,1,"oldest","very rare","small"
"598",16638,17,70.8,2,"recent","rare","small"
"599",16654,26,227.4,1,"old","very rare","medium"
"600",16656,22,428.76,1,"recent","very rare","large"
"601",16658,26,123.24,1,"old","very rare","small"
"602",16665,20,135.4,1,"recent","very rare","small"
"603",16670,16,403.61,1,"very recent","very rare","large"
"604",16679,24,129.75,1,"old","very rare","small"
"605",16684,12,3113.4,4,"very recent","frequent","very large"
"606",16686,13,364.98,1,"very recent","very rare","large"
"607",16700,24,336.94,1,"old","very rare","large"
"608",16701,19,476.76,1,"recent","very rare","large"
"609",16705,16,1131.72,2,"very recent","rare","very large"
"610",16710,18,524.97,2,"recent","rare","large"
"611",16711,15,214.2,1,"very recent","very rare","medium"
"612",16713,12,758.54,2,"very recent","rare","very large"
"613",16717,24,307.25,1,"old","very rare","medium"
"614",16718,27,623.75,1,"oldest","very rare","very large"
"615",16719,26,430.73,1,"old","very rare","large"
"616",16722,24,799.52,2,"old","rare","very large"
"617",16725,17,325.75,2,"recent","rare","large"
"618",16726,19,129.57,1,"recent","very rare","small"
"619",16727,22,272.82,1,"recent","very rare","medium"
"620",16743,16,430.28,1,"very recent","very rare","large"
"621",16746,16,311.64,1,"very recent","very rare","medium"
"622",16752,30,207.5,1,"oldest","very rare","medium"
"623",16754,30,2002.4,1,"oldest","very rare","very large"
"624",16770,16,262.2,2,"very recent","rare","medium"
"625",16775,25,231.9,1,"old","very rare","medium"
"626",16779,20,687.83,2,"recent","rare","very large"
"627",16781,30,311.25,1,"oldest","very rare","medium"
"628",16782,17,577.99,2,"recent","rare","large"
"629",16795,23,414.88,1,"old","very rare","large"
"630",16805,18,214.77,1,"recent","very rare","medium"
"631",16812,18,479.35,1,"recent","very rare","large"
"632",16814,27,273.29,1,"oldest","very rare","medium"
"633",16816,16,75.78,1,"very recent","very rare","small"
"634",16817,17,367.3,2,"recent","rare","large"
"635",16835,31,81.75,1,"oldest","very rare","small"
"636",16839,27,552.24,1,"oldest","very rare","large"
"637",16858,26,375.69,1,"old","very rare","large"
"638",16863,24,164.25,1,"old","very rare","small"
"639",16873,22,2157.64,1,"recent","very rare","very large"
"640",16883,29,128.03,1,"oldest","very rare","small"
"641",16885,15,190.65,1,"very recent","very rare","small"
"642",16891,29,232.26,1,"oldest","very rare","medium"
"643",16893,24,145.93,1,"old","very rare","small"
"644",16898,26,116.08,1,"old","very rare","small"
"645",16899,18,170.55,1,"recent","very rare","small"
"646",16904,25,338.7,2,"old","rare","large"
"647",16905,29,254.4,1,"oldest","very rare","medium"
"648",16907,23,182.02,1,"old","very rare","small"
"649",16916,30,198.08,1,"oldest","very rare","medium"
"650",16919,18,540.01,2,"recent","rare","large"
"651",16923,20,550.5,1,"recent","very rare","large"
"652",16926,29,230.25,1,"oldest","very rare","medium"
"653",16927,19,218.1,1,"recent","very rare","medium"
"654",16928,31,116.25,1,"oldest","very rare","small"
"655",16931,15,364.66,2,"very recent","rare","large"
"656",16945,16,279.85,1,"very recent","very rare","medium"
"657",16950,25,172,1,"old","very rare","small"
"658",16954,17,346.8,1,"recent","very rare","large"
"659",16955,26,189.1,2,"old","rare","small"
"660",16983,27,163.49,1,"oldest","very rare","small"
"661",16985,16,933.32,1,"very recent","very rare","very large"
"662",16996,11,127.54,2,"very recent","rare","small"
"663",17001,16,397.96,1,"very recent","very rare","large"
"664",17007,15,207.12,2,"very recent","rare","medium"
"665",17017,18,2357.64,5,"recent","frequent","very large"
"666",17019,26,358.82,1,"old","very rare","large"
"667",17025,31,160.97,2,"oldest","rare","small"
"668",17026,27,33.15,1,"oldest","very rare","small"
"669",17033,17,307.8,1,"recent","very rare","medium"
"670",17041,18,304.5,1,"recent","very rare","medium"
"671",17059,27,722.36,1,"oldest","very rare","very large"
"672",17062,16,430.69,3,"very recent","rare","large"
"673",17068,16,291.2,2,"very recent","rare","medium"
"674",17069,12,583.2,2,"very recent","rare","large"
"675",17076,22,151.5,1,"recent","very rare","small"
"676",17085,12,740.44,2,"very recent","rare","very large"
"677",17090,12,61.2,1,"very recent","very rare","small"
"678",17091,25,293.45,1,"old","very rare","medium"
"679",17097,23,174.72,1,"old","very rare","small"
"680",17126,20,212.6,1,"recent","very rare","medium"
"681",17135,29,215.58,1,"oldest","very rare","medium"
"682",17146,16,298.25,1,"very recent","very rare","medium"
"683",17158,18,413.79,1,"recent","very rare","large"
"684",17179,19,243,1,"recent","very rare","medium"
"685",17181,31,155.52,1,"oldest","very rare","small"
"686",17188,20,513.64,1,"recent","very rare","large"
"687",17189,17,227.22,1,"recent","very rare","medium"
"688",17191,26,510.11,3,"old","rare","large"
"689",17194,18,226.78,1,"recent","very rare","medium"
"690",17198,23,521.66,2,"old","rare","large"
"691",17211,11,779.71,3,"very recent","rare","very large"
"692",17213,11,615.85,2,"very recent","rare","very large"
"693",17214,17,171.05,1,"recent","very rare","small"
"694",17218,13,606.28,3,"very recent","rare","very large"
"695",17220,22,317.5,1,"recent","very rare","medium"
"696",17223,26,257.84,1,"old","very rare","medium"
"697",17227,26,142.25,1,"old","very rare","small"
"698",17228,25,355.95,2,"old","rare","large"
"699",17230,12,2760.01,6,"very recent","frequent","very large"
"700",17231,19,232.01,1,"recent","very rare","medium"
"701",17235,30,341.9,1,"oldest","very rare","large"
"702",17236,20,126.28,1,"recent","very rare","small"
"703",17238,29,370.09,2,"oldest","rare","large"
"704",17243,13,855.05,3,"very recent","rare","very large"
"705",17251,20,283.28,1,"recent","very rare","medium"
"706",17259,26,381.64,1,"old","very rare","large"
"707",17262,24,268.86,1,"old","very rare","medium"
"708",17287,25,222.7,2,"old","rare","medium"
"709",17288,16,133.56,1,"very recent","very rare","small"
"710",17293,19,346.14,1,"recent","very rare","large"
"711",17303,19,250.04,1,"recent","very rare","medium"
"712",17306,11,324,1,"very recent","very rare","large"
"713",17315,15,108.92,1,"very recent","very rare","small"
"714",17320,26,450.92,1,"old","very rare","large"
"715",17324,24,127.05,1,"old","very rare","small"
"716",17338,19,767.6,1,"recent","very rare","very large"
"717",17339,23,60,1,"old","very rare","small"
"718",17340,12,4360.39,2,"very recent","rare","very large"
"719",17341,24,513.6,1,"old","very rare","large"
"720",17343,13,193.64,1,"very recent","very rare","small"
"721",17346,17,247.84,2,"recent","rare","medium"
"722",17358,13,246.7,1,"very recent","very rare","medium"
"723",17371,19,97.63,1,"recent","very rare","small"
"724",17372,18,370.78,2,"recent","rare","large"
"725",17375,19,109.71,1,"recent","very rare","small"
"726",17377,15,785.08,3,"very recent","rare","very large"
"727",17381,26,3603.72,3,"old","rare","very large"
"728",17392,16,306.41,1,"very recent","very rare","medium"
"729",17396,29,397.5,1,"oldest","very rare","large"
"730",17400,11,424.17,1,"very recent","very rare","large"
"731",17402,27,459.97,2,"oldest","rare","large"
"732",17404,15,3834.3,2,"very recent","rare","very large"
"733",17406,24,702.1,1,"old","very rare","very large"
"734",17412,16,447.76,2,"very recent","rare","large"
"735",17419,25,374.27,2,"old","rare","large"
"736",17420,31,130.85,1,"oldest","very rare","small"
"737",17428,19,893.95,2,"recent","rare","very large"
"738",17430,23,112.6,1,"old","very rare","small"
"739",17449,17,684.26,1,"recent","very rare","very large"
"740",17450,25,2028.84,2,"old","rare","very large"
"741",17454,17,165.85,1,"recent","very rare","small"
"742",17456,23,249.86,1,"old","very rare","medium"
"743",17460,30,70.3,2,"oldest","rare","small"
"744",17470,25,178.4,1,"old","very rare","small"
"745",17491,25,327.4,1,"old","very rare","large"
"746",17496,16,271.05,1,"very recent","very rare","medium"
"747",17511,17,6711.08,3,"recent","rare","very large"
"748",17519,26,335.3,1,"old","very rare","large"
"749",17524,19,145,1,"recent","very rare","small"
"750",17525,17,422.7,1,"recent","very rare","large"
"751",17526,18,238.6,2,"recent","rare","medium"
"752",17530,23,300.64,1,"old","very rare","medium"
"753",17551,17,306.84,1,"recent","very rare","medium"
"754",17552,30,298.52,2,"oldest","rare","medium"
"755",17567,30,517.95,1,"oldest","very rare","large"
"756",17572,31,70.8,1,"oldest","very rare","small"
"757",17576,19,297,2,"recent","rare","medium"
"758",17580,16,46.85,1,"very recent","very rare","small"
"759",17581,30,786.78,2,"oldest","rare","very large"
"760",17591,25,406.6,1,"old","very rare","large"
"761",17593,10,662.9,1,"very recent","very rare","very large"
"762",17596,26,392.62,1,"old","very rare","large"
"763",17611,19,244.19,1,"recent","very rare","medium"
"764",17616,25,326.4,1,"old","very rare","large"
"765",17618,20,320.28,1,"recent","very rare","medium"
"766",17621,12,239.4,1,"very recent","very rare","medium"
"767",17629,17,238.65,1,"recent","very rare","medium"
"768",17643,31,101.55,1,"oldest","very rare","small"
"769",17646,23,251,1,"old","very rare","medium"
"770",17655,24,676.1,1,"old","very rare","very large"
"771",17659,16,359.95,2,"very recent","rare","large"
"772",17671,23,394.18,1,"old","very rare","large"
"773",17674,26,300.66,1,"old","very rare","medium"
"774",17675,22,1019.12,2,"recent","rare","very large"
"775",17676,24,300.7,1,"old","very rare","medium"
"776",17677,24,1616.6,4,"old","frequent","very large"
"777",17682,26,391.5,1,"old","very rare","large"
"778",17685,18,463.02,2,"recent","rare","large"
"779",17690,22,687.9,4,"recent","frequent","very large"
"780",17691,16,290.4,2,"very recent","rare","medium"
"781",17692,17,327.9,1,"recent","very rare","large"
"782",17696,22,175.6,2,"recent","rare","small"
"783",17706,24,477.83,3,"old","rare","large"
"784",17720,25,102,1,"old","very rare","small"
"785",17722,24,910.14,1,"old","very rare","very large"
"786",17732,30,303.97,1,"oldest","very rare","medium"
"787",17735,25,454.6,1,"old","very rare","large"
"788",17739,18,360.06,1,"recent","very rare","large"
"789",17744,16,377.52,1,"very recent","very rare","large"
"790",17752,17,80.64,1,"recent","very rare","small"
"791",17757,18,565.8,4,"recent","frequent","large"
"792",17760,31,172.54,1,"oldest","very rare","small"
"793",17787,29,736.28,1,"oldest","very rare","very large"
"794",17790,15,399.55,5,"very recent","frequent","large"
"795",17796,27,114.65,1,"oldest","very rare","small"
"796",17799,19,223.48,1,"recent","very rare","medium"
"797",17802,30,100.2,1,"oldest","very rare","small"
"798",17809,29,1251.5,3,"oldest","rare","very large"
"799",17812,26,217.55,1,"old","very rare","medium"
"800",17816,23,16.21,1,"old","very rare","small"
"801",17819,20,980.12,2,"recent","rare","very large"
"802",17827,22,1271.8,3,"recent","rare","very large"
"803",17838,23,935.56,2,"old","rare","very large"
"804",17841,13,2473.07,6,"very recent","frequent","very large"
"805",17848,16,97.3,1,"very recent","very rare","small"
"806",17850,30,5391.21,34,"oldest","very frequent","very large"
"807",17855,30,208.97,1,"oldest","very rare","medium"
"808",17857,16,1340.7,2,"very recent","rare","very large"
"809",17858,17,1556.85,2,"recent","rare","very large"
"810",17860,26,252.8,1,"old","very rare","medium"
"811",17863,27,384.72,1,"oldest","very rare","large"
"812",17865,15,1079.83,2,"very recent","rare","very large"
"813",17869,26,214.32,1,"old","very rare","medium"
"814",17870,24,326.4,1,"old","very rare","large"
"815",17873,31,215.15,1,"oldest","very rare","medium"
"816",17880,22,458.92,1,"recent","very rare","large"
"817",17884,26,324.62,2,"old","rare","large"
"818",17888,15,29.43,1,"very recent","very rare","small"
"819",17890,19,476.96,1,"recent","very rare","large"
"820",17894,10,515.43,4,"very recent","frequent","large"
"821",17897,25,434.62,2,"old","rare","large"
"822",17905,10,394.15,2,"very recent","rare","large"
"823",17908,31,243.28,1,"oldest","very rare","medium"
"824",17912,17,289.41,4,"recent","frequent","medium"
"825",17913,13,218.05,1,"very recent","very rare","medium"
"826",17917,20,110.91,1,"recent","very rare","small"
"827",17920,26,724.01,2,"old","rare","very large"
"828",17924,31,279,1,"oldest","very rare","medium"
"829",17925,30,244.08,1,"oldest","very rare","medium"
"830",17937,19,2153.88,2,"recent","rare","very large"
"831",17949,29,1314,1,"oldest","very rare","very large"
"832",17950,23,263.17,2,"old","rare","medium"
"833",17951,16,409.5,2,"very recent","rare","large"
"834",17954,25,128.68,2,"old","rare","small"
"835",17961,11,569.75,3,"very recent","rare","large"
"836",17964,30,261.76,1,"oldest","very rare","medium"
"837",17965,23,156.8,2,"old","rare","small"
"838",17967,29,123.07,1,"oldest","very rare","small"
"839",17968,31,277.35,1,"oldest","very rare","medium"
"840",17969,19,125.2,1,"recent","very rare","small"
"841",17975,18,621.49,2,"recent","rare","very large"
"842",17976,30,353.19,1,"oldest","very rare","large"
"843",17978,23,300.92,1,"old","very rare","medium"
"844",17980,17,295.2,1,"recent","very rare","medium"
"845",17990,11,316,2,"very recent","rare","medium"
"846",17999,24,190.34,1,"old","very rare","small"
"847",18004,20,169.47,1,"recent","very rare","small"
"848",18011,31,102.79,1,"oldest","very rare","small"
"849",18016,22,156.65,1,"recent","very rare","small"
"850",18037,20,31.3,1,"recent","very rare","small"
"851",18041,23,634.29,3,"old","rare","very large"
"852",18043,24,316.46,1,"old","very rare","medium"
"853",18044,18,74.25,1,"recent","very rare","small"
"854",18050,17,74.4,1,"recent","very rare","small"
"855",18055,16,1751.12,3,"very recent","rare","very large"
"856",18061,24,405.16,1,"old","very rare","large"
"857",18065,22,345.02,2,"recent","rare","large"
"858",18071,23,258.95,1,"old","very rare","medium"
"859",18074,31,489.6,1,"oldest","very rare","large"
"860",18075,18,198.95,1,"recent","very rare","medium"
"861",18077,13,396.33,2,"very recent","rare","large"
"862",18085,31,303.9,1,"oldest","very rare","medium"
"863",18092,10,2852.64,3,"very recent","rare","very large"
"864",18097,12,182.52,1,"very recent","very rare","small"
"865",18102,23,27834.61,4,"old","frequent","very large"
"866",18109,20,552.75,2,"recent","rare","large"
"867",18113,26,76.32,1,"old","very rare","small"
"868",18116,9,661.97,3,"very recent","rare","very large"
"869",18118,22,608.51,2,"recent","rare","very large"
"870",18119,25,181.12,1,"old","very rare","small"
"871",18144,18,502.65,2,"recent","rare","large"
"872",18156,27,206.23,1,"oldest","very rare","medium"
"873",18168,17,449.94,2,"recent","rare","large"
"874",18176,16,476.35,1,"very recent","very rare","large"
"875",18178,22,300.65,1,"recent","very rare","medium"
"876",18219,18,390.06,2,"recent","rare","large"
"877",18223,16,501.69,1,"very recent","very rare","large"
"878",18225,23,30,1,"old","very rare","small"
"879",18229,24,653.2,2,"old","rare","very large"
"880",18239,30,438.1,1,"oldest","very rare","large"
"881",18245,13,365.73,1,"very recent","very rare","large"
"882",18259,24,376.3,1,"old","very rare","large"
"883",18260,16,230.7,1,"very recent","very rare","medium"
"884",18269,24,168.6,1,"old","very rare","small"
